date,weight,,,,,
14/11/2022,72.85,,,,,
15/11/2022,72.85,,,,,
16/11/2022,72.4,,,,,
22/11/2022,74.65,,,,,
23/11/2022,74.35,,,,,
24/11/2022,74.1,,,,,
25/11/2022,73.9,,,,,
29/11/2022,75.4,,,,,
30/11/2022,74.75,,,,,
01/12/2022,74.2,,,,,
02/12/2022,74.6,,,,,
03/12/2022,75.3,,,,,
04/12/2022,75.25,,,,,
05/12/2022,74.2,,,,,
06/12/2022,74.2,,,,,
07/12/2022,73.55,,,,,
08/12/2022,74,,,,,
09/12/2022,73.55,,,,,
10/12/2022,74.2,,,,,
11/12/2022,74.9,,,,,
12/12/2022,74.05,,,,,
13/12/2022,74.05,,,,,
14/12/2022,74.05,,,,,
15/12/2022,73.5,,,,,
16/12/2022,73.95,,,,,
17/12/2022,74.7,,,,,
18/12/2022,75.6,,,,,
19/12/2022,75.4,,,,,
20/12/2022,74.85,,,,,
21/12/2022,74.4,,,,,
22/12/2022,75.35,,,,,
25/12/2022,75.75,,,,,
26/12/2022,75.95,,,,,
27/12/2022,74.95,,,,,
28/12/2022,74.15,,,,,
29/12/2022,73.7,,,,,
30/12/2022,74.3,,,,,
31/12/2022,75,,,,,
01/01/2023,74.1,,,,,
02/01/2023,73.45,,,,,
03/01/2023,73.9,,,,,
04/01/2023,74.05,,,,,
05/01/2023,73.95,,,,,
06/01/2023,73.85,,,,,
07/01/2023,73.9,,,,,
08/01/2023,74.3,,,,,
09/01/2023,73.75,,,,,
10/01/2023,73.75,,,,,
11/01/2023,73.65,,,,,
12/01/2023,73.95,,,,,
13/01/2023,73.2,,,,,
14/01/2023,73.4,,,,,
15/01/2023,74.5,,,,,
16/01/2023,73.85,,,,,
17/01/2023,73.35,,,,,
18/01/2023,73.35,,,,,
19/01/2023,72.55,,,,,
20/01/2023,73,,,,,
21/01/2023,72.7,,,,,
22/01/2023,72.7,,,,,
23/01/2023,75,,,,,
24/01/2023,73.85,,,,,
25/01/2023,74,,,,,
26/01/2023,72.8,,,,,
27/01/2023,73.3,,,,,
28/01/2023,74.4,,,,,
29/01/2023,73.05,,,,,
31/01/2023,72.9,,,,,
01/02/2023,73.15,,,,,
02/02/2023,73.15,,,,,
03/02/2023,72.85,,,,,
04/02/2023,73.3,,,,,
05/02/2023,74.9,,,,,
06/02/2023,74,,,,,
07/02/2023,73.55,,,,,
08/02/2023,73.3,,,,,
09/02/2023,73.15,,,,,
10/02/2023,72.85,,,,,
11/02/2023,73.6,,,,,
08/03/2023,75.4,,,,,
09/03/2023,75.55,,,,,
10/03/2023,75.55,,,,,
11/03/2023,75.3,,,,,
12/03/2023,75.8,,,,,
13/03/2023,75.75,,,,,
14/03/2023,75.35,,,,,
15/03/2023,74.55,,,,,
16/03/2023,74.45,,,,,
17/03/2023,75.3,,,,,
18/03/2023,74.8,,,,,
19/03/2023,74.5,,,,,
20/03/2023,75.3,,,,,
21/03/2023,74.65,,,,,
22/03/2023,74.55,,,,,
23/03/2023,73.55,,,,,
24/03/2023,73.95,,,,,
25/03/2023,75.2,,,,,
26/03/2023,75.5,,,,,
27/03/2023,74.7,,,,,
28/03/2023,74.25,,,,,
29/03/2023,74.85,,,,,
30/03/2023,74.75,,,,,
31/03/2023,74.75,,,,,
01/04/2023,75.8,,,,,
02/04/2023,75.5,,,,,
03/04/2023,75.15,,,,,
04/04/2023,74.5,,,,,
05/04/2023,75.8,,,,,
06/04/2023,76.2,,,,,
07/04/2023,76.3,,,,,
08/04/2023,75.5,,,,,
09/04/2023,75.6,,,,,
12/04/2023,76,,,,,
13/04/2023,77,,,,,
14/04/2023,75.6,,,,,
15/04/2023,75,,,,,
16/04/2023,75.9,,,,,
17/04/2023,75.55,,,,,
18/04/2023,74.95,,,,,
19/04/2023,75.1,,,,,
20/04/2023,75.45,,,,,
21/04/2023,75.4,,,,,
23/04/2023,75.45,,,,,
24/04/2023,74.9,,,,,
25/04/2023,77.2,,,,,
26/04/2023,75.9,,,,,
27/04/2023,74.6,,,,,
28/04/2023,75.3,,,,,
29/04/2023,75.1,,,,,
30/04/2023,75.15,,,,,
01/05/2023,75.7,,,,,
02/05/2023,74.95,,,,,
03/05/2023,74.95,,,,,
04/05/2023,75.45,,,,,
05/05/2023,75,,,,,
06/05/2023,76.2,,,,,
07/05/2023,76,,,,,
08/05/2023,75.2,,,,,
09/05/2023,74.9,,,,,
10/05/2023,75.3,,,,,
11/05/2023,76.35,,,,,
12/05/2023,76.5,,,,,
13/05/2023,77,,,,,
14/05/2023,75.6,,,,,
15/05/2023,75.85,,,,,
16/05/2023,75.55,,,,,
17/05/2023,75.55,,,,,
18/05/2023,76.1,,,,,
19/05/2023,75.6,,,,,
20/05/2023,75.1,,,,,
21/05/2023,75.65,,,,,
22/05/2023,75.05,,,,,
23/05/2023,75.05,,,,,
24/05/2023,74.9,,,,,
25/05/2023,75.6,,,,,
26/05/2023,75.1,,,,,
27/05/2023,75.8,,,,,
28/05/2023,75.75,,,,,
29/05/2023,75.05,,,,,
30/05/2023,74.8,,,,,
31/05/2023,75.5,,,,,
01/06/2023,74.8,,,,,
02/06/2023,73.9,,,,,
03/06/2023,74.7,,,,,
04/06/2023,74.25,,,,,
05/06/2023,74.65,,,,,
06/06/2023,73.5,,,,,
07/06/2023,74.05,,,,,
08/06/2023,74.05,,,,,
09/06/2023,73.3,,,,,
10/06/2023,73.9,,,,,
11/06/2023,73.9,,,,,
12/06/2023,73.45,,,,,
13/06/2023,74.1,,,,,
14/06/2023,73.8,,,,,
15/06/2023,73.5,,,,,
16/06/2023,73.9,,,,,
17/06/2023,74.2,,,,,
18/06/2023,74.65,,,,,
19/06/2023,74.05,,,,,
20/06/2023,74.2,,,,,
21/06/2023,74.45,,,,,
22/06/2023,73.75,,,,,
23/06/2023,74.85,,,,,
24/06/2023,74.25,,,,,
25/06/2023,75.05,,,,,
26/06/2023,74.45,,,,,
27/06/2023,73.9,,,,,
28/06/2023,75.75,,,,,
29/06/2023,74.25,,,,,
30/06/2023,74.1,,,,,
01/07/2023,74.7,,,,,
02/07/2023,75.2,,,,,
03/07/2023,75.45,,,,,
04/07/2023,74.05,,,,,
05/07/2023,74.5,,,,,
06/07/2023,74.05,,,,,
09/07/2023,74.05,,,,,
10/07/2023,73.5,,,,,
11/07/2023,73.5,,,,,
12/07/2023,74,,,,,
13/07/2023,73.15,,,,,
14/07/2023,73.35,,,,,
15/07/2023,73.7,,,,,
16/07/2023,74.1,,,,,
17/07/2023,73.7,,,,,
18/07/2023,72.7,,,,,
19/07/2023,73.9,,,,,
20/07/2023,73.1,,,,,
21/07/2023,72.65,,,,,
22/07/2023,72.25,,,,,
23/07/2023,73,,,,,
24/07/2023,72.65,,,,,
25/07/2023,72.3,,,,,
26/07/2023,72.3,,,,,
27/07/2023,72.55,,,,,
28/07/2023,71.9,,,,,
29/07/2023,72.35,,,,,
30/07/2023,71.75,,,,,
31/07/2023,72.15,,,,,
01/08/2023,73.2,,,,,
05/08/2023,73.2,,,,,
06/08/2023,73.7,,,,,
07/08/2023,72.85,,,,,
08/08/2023,71.15,,,,,
09/08/2023,73.1,,,,,
10/08/2023,73.05,,,,,
11/08/2023,72.7,,,,,
12/08/2023,71.85,,,,,
13/08/2023,72.6,,,,,
14/08/2023,73,,,,,
15/08/2023,73,,,,,
17/08/2023,74,,,,,
18/08/2023,72.75,,,,,
19/08/2023,73.45,,,,,
20/08/2023,72.6,,,,,
21/08/2023,72.6,,,,,
23/08/2023,73.2,,,,,
24/08/2023,73.4,,,,,
26/08/2023,73.4,,,,,
27/08/2023,74.05,,,,,
28/08/2023,74.5,,,,,
01/09/2023,73.9,,,,,
02/09/2023,73.75,,,,,
03/09/2023,73.4,,,,,
04/09/2023,72.7,,,,,
05/09/2023,73.2,,,,,
06/09/2023,73.45,,,,,
16/10/2023,72.95,,,,,
17/10/2023,72.7,,,,,
18/10/2023,72.8,,,,,
19/10/2023,72.8,,,,,
21/10/2023,73.55,,,,,
22/10/2023,74,,,,,
23/10/2023,73.25,,,,,
24/10/2023,74,,,,,
25/10/2023,73.55,,,,,
26/10/2023,73.55,,,,,
27/10/2023,73.65,,,,,
30/10/2023,74.05,,,,,
31/10/2023,74.2,,,,,
01/11/2023,74.55,,,,,
02/11/2023,73.8,,,,,
03/11/2023,73.9,,,,,
04/11/2023,73.7,,,,,
05/11/2023,74.35,,,,,
06/11/2023,74,,,,,
07/11/2023,74.3,,,,,
08/11/2023,73.8,,,,,
09/11/2023,73.55,,,,,
13/11/2023,74.05,,,,,
14/11/2023,74.95,,,,,
15/11/2023,73.95,,,,,
16/11/2023,73.65,,,,,
19/11/2023,76.5,,,,,
20/11/2023,74.7,,,,,
21/11/2023,74.6,,,,,
22/11/2023,73.9,,,,,
23/11/2023,73.4,,,,,
24/11/2023,73.6,,,,,
27/11/2023,74.25,,,,,
28/11/2023,74.45,,,,,
28/11/2023,74.45,,,,,
29/11/2023,74.45,,,,,
30/11/2023,74.75,,,,,
01/12/2023,74,,,,,
02/12/2023,74,,,,,
03/12/2023,73.85,,,,,
04/12/2023,73.45,,,,,
05/12/2023,74.05,,,,,
06/12/2023,74.4,,,,,
08/12/2023,74.75,,,,,
09/12/2023,73.95,,,,,
10/12/2023,74.6,,,,,
11/12/2023,74.6,,,,,
12/12/2023,74.45,,,,,
13/12/2023,73.95,,,,,
14/12/2023,75.05,,,,,
15/12/2023,74.15,,,,,
16/12/2023,74,,,,,
17/12/2023,75.45,,,,,
18/12/2023,75.15,,,,,
19/12/2023,75.15,,,,,
21/12/2023,73.65,,,,,
22/12/2023,75,,,,,
25/12/2023,74.95,,,,,
26/12/2023,73.9,,,,,
27/12/2023,74.45,,,,,
28/12/2023,74.75,,,,,
29/12/2023,75.15,,,,,
31/12/2023,75,,,,,
02/01/2024,76.25,,,,,
03/01/2024,75.4,,,,,
04/01/2024,75.95,,,,,
05/01/2024,75.5,,,,,
08/01/2024,75.3,,,,,
09/01/2024,74.6,,,,,
10/01/2024,75.15,,,,,
11/01/2024,75.15,,,,,
12/01/2024,75.15,,,,,
13/01/2024,74.95,,,,,
14/01/2024,75.1,,,,,
15/01/2024,74.45,,,,,
16/01/2024,74.1,,,,,
17/01/2024,74.2,,,,,
18/01/2024,74.5,,,,,
22/01/2024,74.7,,,,,
23/01/2024,74.5,,,,,
24/01/2024,75.5,,,,,
25/01/2024,75.3,,,,,
26/01/2024,75.05,,,,,
27/01/2024,75,,,,,
28/01/2024,74.35,,,,,
29/01/2024,73.6,,,,,
30/01/2024,74.05,,,,,
31/01/2024,73.8,,,,,
01/02/2024,73.7,,,,,
02/02/2024,74.65,,,,,
04/02/2024,75.95,,,,,
05/02/2024,75.8,,,,,
06/02/2024,75.6,,,,,
07/02/2024,75.9,,,,,
08/02/2024,75.55,,,,,
09/02/2024,74.95,,,,,
11/02/2024,76.5,,,,,
12/02/2024,75.5,,,,,
13/02/2024,75.3,,,,,
14/02/2024,75.5,,,,,
15/02/2024,75.7,,,,,
16/02/2024,75.05,,,,,
18/02/2024,74.5,,,,,
19/02/2024,74.8,,,,,
20/02/2024,74.8,,,,,
21/02/2024,75.2,,,,,
22/02/2024,76.1,,,,,
23/02/2024,76.65,,,,,
25/02/2024,76.9,,,,,
26/02/2024,76.15,,,,,
27/02/2024,76.55,,,,,
28/02/2024,77,,,,,
29/02/2024,76.1,,,,,
01/03/2024,76,,,,,
02/03/2024,76,,,,,
03/03/2024,75.6,,,,,
04/03/2024,75.5,,,,,
05/03/2024,75.8,,,,,
06/03/2024,75.6,,,,,
07/03/2024,75.9,,,,,
08/03/2024,75.45,,,,,
10/03/2024,76.25,,,,,
11/03/2024,75.55,,,,,
12/03/2024,75.85,,,,,
13/03/2024,75.7,,,,,
14/03/2024,75.55,,,,,
15/03/2024,75.7,,,,,
16/03/2024,75,,,,,
17/03/2024,76.45,,,,,
18/03/2024,75.7,,,,,
19/03/2024,76.3,,,,,
20/03/2024,76.4,,,,,
21/03/2024,76.25,,,,,
22/03/2024,76.6,,,,,
23/03/2024,76.6,,,,,
24/03/2024,76.1,,,,,
25/03/2024,75.85,,,,,
26/03/2024,76.75,,,,,
27/03/2024,76.55,,,,,
28/03/2024,76.65,,,,,
29/03/2024,75.7,,,,,
31/03/2024,79.15,,,,,
01/04/2024,77.05,,,,,
03/04/2024,77.05,,,,,
04/04/2024,77.05,,,,,
05/04/2024,76.3,,,,,
06/04/2024,76.85,,,,,
07/04/2024,76.4,,,,,
08/04/2024,76.3,,,,,
09/04/2024,76.75,,,,,
10/04/2024,78.2,,,,,
11/04/2024,77.1,,,,,
12/04/2024,77.2,,,,,
13/04/2024,76.5,,,,,
14/04/2024,77.05,,,,,
15/04/2024,77.65,,,,,
16/04/2024,77.65,,,,,
17/04/2024,77.65,,,,,
18/04/2024,77.85,,,,,
20/04/2024,77.7,,,,,
21/04/2024,78.05,,,,,
22/04/2024,77.55,,,,,
24/04/2024,77.75,,,,,
25/04/2024,77.3,,,,,
26/04/2024,77.35,,,,,
28/04/2024,77.95,,,,,
29/04/2024,77.2,,,,,
30/04/2024,77.55,,,,,
01/05/2024,77.3,,,,,
02/05/2024,77,,,,,
03/05/2024,76.7,,,,,
05/05/2024,76.95,,,,,
06/05/2024,77.15,,,,,
07/05/2024,76.8,,,,,
08/05/2024,76.3,,,,,
09/05/2024,76.2,,,,,
10/05/2024,77.2,,,,,
11/05/2024,76.8,,,,,
12/05/2024,77,,,,,
15/05/2024,77.95,,,,,
16/05/2024,77.15,,,,,
17/05/2024,76.95,,,,,
18/05/2024,77.3,,,,,
19/05/2024,76.45,,,,,
20/05/2024,76.35,,,,,
21/05/2024,76.35,,,,,
22/05/2024,76.65,,,,,
23/05/2024,76.05,,,,,
24/05/2024,76.6,,,,,
25/05/2024,76.6,,,,,
26/05/2024,77,,,,,
27/05/2024,76.6,,,,,
28/05/2024,76.3,,,,,
29/05/2024,76.25,,,,,
30/05/2024,77.2,,,,,
31/05/2024,76.9,,,,,
02/06/2024,78.35,,,,,
03/06/2024,78,,,,,
04/06/2024,77.7,,,,,
05/06/2024,77.6,,,,,
06/06/2024,77.4,,,,,
07/06/2024,77.05,,,,,
08/06/2024,77.6,,,,,
09/06/2024,77.6,,,,,
10/06/2024,78.1,,,,,
11/06/2024,77.8,,,,,
13/06/2024,78.75,,,,,
14/06/2024,78.5,,,,,
15/06/2024,78.9,,,,,
17/06/2024,78.45,,,,,
18/06/2024,79.3,,,,,
19/06/2024,78.1,,,,,
20/06/2024,77.2,,,,,
21/06/2024,76.85,,,,,
22/06/2024,77.15,,,,,
23/06/2024,77.5,,,,,
24/06/2024,77.05,,,,,
25/06/2024,77.45,,,,,
26/06/2024,76.85,,,,,
27/06/2024,78,,,,,
28/06/2024,78.65,,,,,
30/06/2024,78.65,,,,,
01/07/2024,79.15,,,,,
02/07/2024,78.25,,,,,
03/07/2024,78.35,,,,,
04/07/2024,77.85,,,,,
05/07/2024,78.2,,,,,
06/07/2024,77.45,,,,,
07/07/2024,77.45,,,,,
08/07/2024,77.45,,,,,
09/07/2024,77.45,,,,,
10/07/2024,77.55,,,,,
11/07/2024,77.65,,,,,
12/07/2024,77.4,,,,,
14/07/2024,78.15,,,,,
15/07/2024,78.45,,,,,
16/07/2024,78.6,,,,,
17/07/2024,78.6,,,,,
18/07/2024,78,,,,,
19/07/2024,77.45,,,,,
20/07/2024,76.9,,,,,
21/07/2024,77.15,,,,,
22/07/2024,77.3,,,,,
23/07/2024,77.3,,,,,
24/07/2024,77.3,,,,,
25/07/2024,77.65,,,,,
26/07/2024,76.65,,,,,
27/07/2024,77.3,,,,,
28/07/2024,77.95,,,,,
29/07/2024,77,,,,,
30/07/2024,77.9,,,,,
31/07/2024,76.7,,,,,
01/08/2024,76.3,,,,,
02/08/2024,76.65,,,,,
04/08/2024,77.8,,,,,
05/08/2024,78.75,,,,,
06/08/2024,77.8,,,,,
07/08/2024,77.95,,,,,
08/08/2024,78,,,,,
09/08/2024,77.7,,,,,
10/08/2024,77.2,,,,,
11/08/2024,77.3,,,,,
12/08/2024,77.5,,,,,
13/08/2024,77.25,,,,,
14/08/2024,77.5,,,,,
15/08/2024,77.2,,,,,
17/08/2024,78.75,,,,,
18/08/2024,78,,,,,
19/08/2024,77.5,,,,,
20/08/2024,78.2,,,,,
21/08/2024,78.4,,,,,
22/08/2024,78,,,,,
23/08/2024,77.5,,,,,
24/08/2024,77.75,,,,,
25/08/2024,78.25,,,,,
26/08/2024,79.1,,,,,
27/08/2024,78.1,,,,,
28/08/2024,78.5,,,,,
29/08/2024,77.6,,,,,
30/08/2024,77.3,,,,,
31/08/2024,77.5,,,,,
01/09/2024,77.25,,,,,
02/09/2024,77.7,,,,,
03/09/2024,77.45,,,,,
04/09/2024,77.8,,,,,
05/09/2024,77.45,,,,,
08/09/2024,78.4,,,,,
09/09/2024,78.25,,,,,
10/09/2024,77.85,,,,,
11/09/2024,78,,,,,
12/09/2024,77.85,,,,,
13/09/2024,77.55,,,,,
14/09/2024,77.95,,,,,
15/09/2024,78.35,,,,,
16/09/2024,77.7,,,,,
17/09/2024,77.7,,,,,
18/09/2024,77.45,,,,,
19/09/2024,77.3,,,,,
21/09/2024,77.85,,,,,
22/09/2024,77.9,,,,,
23/09/2024,77.9,,,,,
24/09/2024,77.9,,,,,
25/09/2024,77.9,,,,,
26/09/2024,77.3,,,,,
27/09/2024,77.05,,,,,
28/09/2024,76.8,,,,,
29/09/2024,77.25,,,,,
30/09/2024,77.6,,,,,
04/10/2024,78.55,,,,,
05/10/2024,78.9,,,,,
06/10/2024,78.25,,,,,
07/10/2024,78.1,,,,,
10/10/2024,78.15,,,,,
11/10/2024,77.95,,,,,
13/10/2024,77.9,,,,,
14/10/2024,77.7,,,,,
15/10/2024,77.2,,,,,
18/10/2024,79.65,,,,,
19/10/2024,78.3,,,,,
21/10/2024,78.2,,,,,
22/10/2024,78.05,,,,,
23/10/2024,77.5,,,,,
24/10/2024,77.25,,,,,
25/10/2024,76.7,,,,,
26/10/2024,77.05,,,,,
27/10/2024,77.2,,,,,
28/10/2024,77.45,,,,,
03/11/2024,78.4,,,,,
04/11/2024,78.4,,,,,
05/11/2024,78.05,,,,,
06/11/2024,77.9,,,,,
07/11/2024,78,,,,,
08/11/2024,78,,,,,
09/11/2024,77.4,,,,,
11/11/2024,78.1,,,,,
14/11/2024,78.15,,,,,
15/11/2024,77.9,,,,,
16/11/2024,78.55,,,,,
17/11/2024,78.25,,,,,
18/11/2024,78.5,,,,,
19/11/2024,79.9,,,,,
20/11/2024,79.05,,,,,
21/11/2024,79.65,,,,,
24/11/2024,79.35,,,,,
25/11/2024,79.35,,,,,
26/11/2024,78.85,,,,,
27/11/2024,79.85,,,,,
28/11/2024,79.85,,,,,
29/11/2024,80.05,,,,,
01/12/2024,80.55,,,,,
02/12/2024,80.35,,,,,
03/12/2024,80.15,,,,,
04/12/2024,80.3,,,,,
05/12/2024,79.7,,,,,
06/12/2024,80.2,,,,,
07/12/2024,80,,,,,
08/12/2024,79.75,,,,,
09/12/2024,79.75,,,,,
10/12/2024,79,,,,,
13/12/2024,79.75,,,,,
15/12/2024,80.6,,,,,
16/12/2024,80.6,,,,,
17/12/2024,80.25,,,,,
18/12/2024,80.05,,,,,
19/12/2024,80.3,,,,,
20/12/2024,79.2,,,,,
21/12/2024,78.8,,,,,
22/12/2024,79.15,,,,,
23/12/2024,79.15,,,,,
24/12/2024,79.4,,,,,
25/12/2024,79.05,,,,,
26/12/2024,79.75,,,,,
27/12/2024,79.8,,,,,
28/12/2024,80,,,,,
29/12/2024,79.4,,,,,
30/12/2024,79.55,,,,,
31/12/2024,79.85,,,,,
01/01/2025,81.05,,,,,
02/01/2025,80.05,,,,,
03/01/2025,79.55,,,,,
04/01/2025,,,,,,
05/01/2025,80,,,,,
06/01/2025,80.45,,,,,
07/01/2025,79.95,,,,,
08/01/2025,79.85,,,,,
09/01/2025,79.15,,,,,
10/01/2025,79.7,,,,,
11/01/2025,79.45,,,,,
12/01/2025,,,,,,
13/01/2025,79.35,,,,,
14/01/2025,80.25,,,,,
15/01/2025,79.6,,,,,
16/01/2025,78.9,,,,,
17/01/2025,78.9,,,,,
18/01/2025,78.95,,,,,
19/01/2025,79.6,,,,,
20/01/2025,79.4,,,,,
21/01/2025,79.4,,,,,
22/01/2025,78.95,,,,,
23/01/2025,78.95,,,,,
24/01/2025,79.2,,,,,
25/01/2025,79.35,,,,,
26/01/2025,79.35,,,,,
27/01/2025,79.2,,,,,
28/01/2025,79.5,,,,,
29/01/2025,78.85,,,,,
30/01/2025,78.7,,,,,
31/01/2025,78.4,,,,,
01/02/2025,78.7,,,,,
02/02/2025,78.7,,,,,
03/02/2025,78.85,,,,,
04/02/2025,79.2,,,,,
05/02/2025,79,,,,,
06/02/2025,78.9,,,,,
07/02/2025,79.5,,,,,
08/02/2025,,,,,,
09/02/2025,,,,,,
10/02/2025,79.35,,,,,
11/02/2025,79.35,,,,,
12/02/2025,78.8,,,,,
13/02/2025,78.65,,,,,
14/02/2025,78.95,,,,,
15/02/2025,79.4,,,,,
16/02/2025,79.3,,,,,
17/02/2025,79.15,,,,,
18/02/2025,79.15,,,,,
19/02/2025,78.8,,,,,
20/02/2025,79.4,,,,,
21/02/2025,79.25,,,,,
22/02/2025,79.25,,,,,
23/02/2025,79.55,,,,,
24/02/2025,79.55,,,,,
25/02/2025,80,,,,,
26/02/2025,79.55,,,,,
27/02/2025,79.05,,,,,
28/02/2025,78.45,,,,,
01/03/2025,78.8,,,,,
02/03/2025,79.45,,,,,
03/03/2025,79.35,,,,,
04/03/2025,79.5,,,,,
05/03/2025,79.15,,,,,
06/03/2025,78.6,,,,,
07/03/2025,78.2,,,,,
08/03/2025,79.05,,,,,
09/03/2025,78.7,,,,,
10/03/2025,78.7,,,,,
11/03/2025,78.7,,,,,
12/03/2025,78.95,,,,,
13/03/2025,78.95,,,,,
14/03/2025,78.4,,,,,
15/03/2025,78.85,,,,,
16/03/2025,79.8,,,,,
17/03/2025,79.8,,,,,
18/03/2025,79.55,,,,,
19/03/2025,78.85,,,,,
20/03/2025,79.35,,,,,
21/03/2025,79.8,,,,,
22/03/2025,79.65,,,,,
23/03/2025,79.4,,,,,
24/03/2025,80.65,,,,,
25/03/2025,79.75,,,,,
26/03/2025,79.75,,,,,
27/03/2025,79.75,,,,,
28/03/2025,80.75,,,,,
29/03/2025,80.75,,,,,
30/03/2025,80.75,,,,,
31/03/2025,81.1,,,,,
01/04/2025,81.35,,,,,
02/04/2025,80.9,,,,,
03/04/2025,80.9,,,,,
04/04/2025,81,,,,,
05/04/2025,81,,,,,
06/04/2025,80.2,,,,,
07/04/2025,80.2,,,,,
08/04/2025,79.8,,,,,
09/04/2025,80.5,,,,,
10/04/2025,80.15,,,,,
11/04/2025,80.35,,,,,
12/04/2025,79.8,,,,,
13/04/2025,80,,,,,
14/04/2025,81.2,,,,,
15/04/2025,80.3,,,,,
16/04/2025,79.6,,,,,
17/04/2025,80.15,,,,,
18/04/2025,79.8,,,,,
19/04/2025,80.2,,,,,
20/04/2025,80.45,,,,,
21/04/2025,80,,,,,
22/04/2025,79.7,,,,,
23/04/2025,79.85,,,,,
24/04/2025,80.65,,,,,
25/04/2025,80.65,,,,,
26/04/2025,79.7,,,,,
27/04/2025,79.8,,,,,
28/04/2025,79.6,,,,,
29/04/2025,79.1,,,,,
30/04/2025,78.95,,,,,
01/05/2025,78.7,,,,,
02/05/2025,79.45,,,,,
03/05/2025,79.35,,,,,
04/05/2025,79.35,,,,,
05/05/2025,78.55,,,,,
06/05/2025,78.1,,,,,
07/05/2025,78.75,,,,,
08/05/2025,79.35,,,,,
09/05/2025,78.7,,,,,
10/05/2025,79.1,,,,,
11/05/2025,79.3,,,,,
12/05/2025,78.6,,,,,
13/05/2025,78.3,,,,,
14/05/2025,78.3,,,,,
15/05/2025,78.75,,,,,
16/05/2025,78.85,,,,,
17/05/2025,78.85,,,,,
18/05/2025,78.7,,,,,
19/05/2025,78.4,,,,,
20/05/2025,77.95,,,,,
21/05/2025,77.95,,,,,
22/05/2025,77.05,ss,,,,
23/05/2025,77.4,,,,,
24/05/2025,77.4,,,,,
25/05/2025,78.8,,,,,
26/05/2025,78.6,,,,,
27/05/2025,80.05,,,,,
28/05/2025,78.75,,,,,
29/05/2025,78.1,,,,,
30/05/2025,78,,,,,
31/05/2025,78.8,,,,,
01/06/2025,78.55,,,,,
02/06/2025,78.95,,,,,
03/06/2025,79.2,,,,,
04/06/2025,78.75,,,,,
05/06/2025,78.65,,,,,
06/06/2025,78.5,,,,,
07/06/2025,78.5,,,,,
08/06/2025,78.9,,,,,
09/06/2025,78.45,,,,,
10/06/2025,78.05,,,,,
11/06/2025,77.75,,,,,
12/06/2025,78.85,,,,,
13/06/2025,77.85,,,,,
14/06/2025,77.7,,,,,
15/06/2025,76.95,,,,,
16/06/2025,77.1,,,,,
17/06/2025,76.9,,,,,
18/06/2025,77.35,,,,,
19/06/2025,77.35,,,,,
20/06/2025,77.3,,,,,
21/06/2025,77.3,,,,,
22/06/2025,77.3,,,,,
23/06/2025,77.3,,,,,
24/06/2025,76.95,,,,,
25/06/2025,76.6,,,,,
26/06/2025,76.75,,,,,
27/06/2025,76.35,,,,,
28/06/2025,76.7,,,,,
29/06/2025,77.3,,,,,
30/06/2025,78.15,,,,,
01/07/2025,77.05,,,,,
02/07/2025,76.3,,,,,
03/07/2025,76.95,,,,,
04/07/2025,76.55,,,,,
05/07/2025,76.55,,,,,
06/07/2025,77.75,,,,,
07/07/2025,78.2,,,,,
08/07/2025,77.95,,,,,
09/07/2025,76.9,,,,,
10/07/2025,78.2,,,,,
11/07/2025,78.2,,,,,
12/07/2025,78.1,,,,,
13/07/2025,78.1,,,,,
14/07/2025,78,,,,,
15/07/2025,77.65,,,,,
16/07/2025,77.55,,,,,
17/07/2025,77.45,,,,,
18/07/2025,77.85,,,,,
19/07/2025,79,,,,,
20/07/2025,78.7,,,,,
21/07/2025,77.7,,,,,
22/07/2025,77.35,,,,,
23/07/2025,78,,,,,
24/07/2025,77.55,,,,,
25/07/2025,77.45,,,,,
26/07/2025,77.2,,,,,
27/07/2025,77,,,,,
28/07/2025,76.75,,,,,
29/07/2025,76.5,,,,,
30/07/2025,76.3,,,,,
31/07/2025,76.2,,,,,
01/08/2025,81,,,,,
02/08/2025,81,,,,,
03/08/2025,81,,,,,
04/08/2025,81,,,,,
05/08/2025,81,,,,,
06/08/2025,81,,,,,
07/08/2025,80.7,,,,,
08/08/2025,79.25,,,,,
09/08/2025,80.1,,,,,
10/08/2025,80.1,,,,,
11/08/2025,79.35,,,,,
12/08/2025,78.85,,,,,
13/08/2025,78.85,,,,,
14/08/2025,79.15,,,,,
15/08/2025,78.5,,,,,
16/08/2025,79.5,,,,,
17/08/2025,80.1,,,,,
18/08/2025,79.8,,,,,
19/08/2025,79.5,,,,,
20/08/2025,78.8,,,,,
21/08/2025,78.9,,,,,
22/08/2025,78.6,,,,,
23/08/2025,79.6,,,,,
24/08/2025,79.4,,,,,
25/08/2025,79.05,,,,,
26/08/2025,78.7,,,,,
27/08/2025,79.75,,,,,
28/08/2025,79.35,,,,,
29/08/2025,80.05,,,,,
30/08/2025,80.05,,,,,
31/08/2025,80.6,,,,,
01/09/2025,82,,,,,
02/09/2025,80.4,,,,,
03/09/2025,79.75,,,,,
04/09/2025,80.55,,,,,
05/09/2025,80.6,,,,,
06/09/2025,81,,,,,
07/09/2025,80.45,,,,,
08/09/2025,80.45,,,,,
09/09/2025,80.75,,,,,
10/09/2025,80.75,,,,,
11/09/2025,80.95,,,,,
12/09/2025,80.3,,,,,
13/09/2025,80.85,,,,,
14/09/2025,81.25,,,,,
15/09/2025,80.75,,,,,
16/09/2025,80.75,,,,,
17/09/2025,81.4,,,,,
18/09/2025,80.4,,,,,
19/09/2025,80.65,,,,,
20/09/2025,81.35,,,,,
21/09/2025,81.7,,,,,
22/09/2025,81.9,,,,,
23/09/2025,82,,,,,
24/09/2025,82,,,,,
25/09/2025,81.35,,,,,
26/09/2025,80.95,,,,,
27/09/2025,81.4,,,,,
28/09/2025,81.15,,,,,
29/09/2025,80.8,,,,,
30/09/2025,80.6,,,,,
01/10/2025,80.25,,,,,
02/10/2025,79.45,,,,,
03/10/2025,79.45,,,,,
04/10/2025,79.45,,,,,
05/10/2025,79.45,,,,,
06/10/2025,81,,,,,
07/10/2025,81,,,,,
08/10/2025,80.6,,,,,
09/10/2025,80.65,,,,,
10/10/2025,80,,,,,
11/10/2025,79.7,,,,,
12/10/2025,80.05,,,,,
13/10/2025,79.35,,,,,
14/10/2025,79.1,,,,,
15/10/2025,79.75,,,,,
16/10/2025,79.5,,,,,
17/10/2025,78.6,,,,,
18/10/2025,78.9,,,,,
19/10/2025,79.15,,,,,
20/10/2025,78.9,,,,,
21/10/2025,78.9,,,,,
22/10/2025,78.4,,,,,
23/10/2025,78.5,,,,,
24/10/2025,78,,,,,
25/10/2025,78.9,,,,,
26/10/2025,78.85,,,,,
27/10/2025,79.25,,,,,
28/10/2025,79.25,,,,,
29/10/2025,78.8,,,,,
30/10/2025,78.3,,,,,
31/10/2025,78.15,,,,,
01/11/2025,78.3,,,,,
02/11/2025,78.3,,,,,
03/11/2025,78.45,,,,,
04/11/2025,78.1,,,,,
05/11/2025,78.1,,,,,
06/11/2025,78.2,,,,,
07/11/2025,78.2,,,,,
08/11/2025,78.5,,,,,
09/11/2025,78.5,,,,,
10/11/2025,78.15,,,,,
11/11/2025,78.25,,,,,
12/11/2025,78.4,,,,,
13/11/2025,77.75,,,,,
14/11/2025,78.6,,,,,
15/11/2025,78.6,,,,,
16/11/2025,78.35,,,,,
17/11/2025,78.35,,,,,
18/11/2025,77.8,,,,,
19/11/2025,79.75,,,,,
20/11/2025,78.55,,,,,
21/11/2025,78.95,,,,,
22/11/2025,78.35,,,,,
23/11/2025,78.8,,,,,
24/11/2025,78.55,,,,,
25/11/2025,78.05,,,,,
26/11/2025,78.05,,,,,
27/11/2025,78,,,,,
28/11/2025,78.25,,,,,
29/11/2025,79,,,,,
30/11/2025,78.8,,,,,
01/12/2025,79.15,,,,,
02/12/2025,78.65,,,,,
03/12/2025,78.25,,,,,
04/12/2025,79.15,,,,,
05/12/2025,78.55,,,,,
06/12/2025,78,,,,,
07/12/2025,78,,,,,
08/12/2025,77.9,,,,,
09/12/2025,77.8,,,,,
10/12/2025,77.75,,,,,
11/12/2025,77.65,,,,,
12/12/2025,77.8,,,,,
13/12/2025,78,,,,,
14/12/2025,77.4,,,,,
15/12/2025,77.6,,,,,
16/12/2025,77.35,,,,,
17/12/2025,77.6,,,,,
18/12/2025,79.25,,,,,
19/12/2025,78.4,,,,,
20/12/2025,79.2,,,,,
21/12/2025,78.85,,,,,
22/12/2025,78.65,,,,,
23/12/2025,78.2,,,,,
24/12/2025,77.75,,,,,
25/12/2025,77.3,,,,,
26/12/2025,77.55,,,,,
27/12/2025,77.95,,,,,
28/12/2025,78.1,,,,,
29/12/2025,77.3,,,,,
30/12/2025,77.8,,,,,
31/12/2025,79.5,,,,,
01/01/2026,79.25,,,,,
02/01/2026,79,,,,,
03/01/2026,79,,,,,
04/01/2026,78.6,,,,,
05/01/2026,78.8,,,,,
06/01/2026,77.9,,,,,
07/01/2026,78,,,,,
08/01/2026,77.4,,,,,
09/01/2026,77.65,,,,,
10/01/2026,77.95,,,,,
11/01/2026,78.35,,,,,
12/01/2026,78.5,,,,,
13/01/2026,78.5,,,,,
14/01/2026,78.25,,,,,
15/01/2026,77.95,,,,,
16/01/2026,78.75,,,,,
17/01/2026,79,,,,,
18/01/2026,78.35,,,,,
19/01/2026,78.65,,,,,
20/01/2026,78.75,,,,,
21/01/2026,78.9,,,,,
22/01/2026,78.4,,,,,
23/01/2026,78.5,,,,,
24/01/2026,78.5,,,,,
25/01/2026,78.5,,,,,
26/01/2026,79.15,,,,,
27/01/2026,78.2,,,,,
28/01/2026,77.8,,,,,
29/01/2026,77.7,,,,,
30/01/2026,78.35,,,,,
31/01/2026,78.35,,,,,
01/02/2026,78.35,,,,,
02/02/2026,78.1,,,,,
03/02/2026,78.1,,,,,
04/02/2026,77.9,,,,,
05/02/2026,78,,,,,
06/02/2026,78.9,,,,,
07/02/2026,77.7,,,,,
08/02/2026,77.4,,,,,
09/02/2026,78,,,,,
10/02/2026,77.45,,,,,
11/02/2026,77.3,,,,,
12/02/2026,77.15,,,,,
13/02/2026,77.6,,,,,
14/02/2026,76.9,,,,,
15/02/2026,78,,,,,
16/02/2026,77.75,,,,,
17/02/2026,78.85,,,,,
18/02/2026,78.3,,,,,
19/02/2026,77.75,,,,,
20/02/2026,77.65,,,,,
21/02/2026,77.3,,,,,
22/02/2026,77.6,,,,,
23/02/2026,77.6,,,,,
24/02/2026,77.9,,,,,
25/02/2026,77.15,,,,,
26/02/2026,79,,,,,
27/02/2026,78.65,,,,,
28/02/2026,78.65,,,,,
01/03/2026,78.65,,,,,
02/03/2026,78.65,,,,,
03/03/2026,78.4,,,,,
04/03/2026,78.05,,,,,
05/03/2026,77.05,,,,,
06/03/2026,76.8,,,,,
07/03/2026,78,,,,,
08/03/2026,77.8,,,,,
09/03/2026,77.45,,,,,
10/03/2026,77.45,,,,,
11/03/2026,77.15,,,,,
12/03/2026,76.85,,,,,
13/03/2026,77.2,,,,,
14/03/2026,77.2,,,,,
15/03/2026,76.85,,,,,
16/03/2026,77.45,,,,,
17/03/2026,77.45,,,,,
18/03/2026,77.15,,,,,
19/03/2026,76.45,,,,,
20/03/2026,76.3,,,,,
21/03/2026,76.85,,,,,
22/03/2026,76.85,,,,,
23/03/2026,76.5,,,,,
24/03/2026,77.1,,,,,
25/03/2026,76.85,,,,,
26/03/2026,76.4,,,,,
27/03/2026,76.3,,,,,
28/03/2026,77.1,,,,,
29/03/2026,77.45,,,,,
30/03/2026,77.45,,,,,
31/03/2026,77.45,,,,,
01/04/2026,78.6,,,,,
02/04/2026,78.6,,,,,
03/04/2026,78.6,,,,,
04/04/2026,78.6,,,,,
05/04/2026,78.6,,,,,
06/04/2026,78.6,,,,,
07/04/2026,78.2,,,,,
08/04/2026,77.4,,,,,
09/04/2026,77.5,,,,,
10/04/2026,78.25,,,,,
11/04/2026,78.35,,,,,
12/04/2026,78.35,,,,,
13/04/2026,79.1,,,,,
14/04/2026,78.1,,,,,
15/04/2026,77.55,,,,,
16/04/2026,77.95,,,,,
17/04/2026,78.8,,,,,
18/04/2026,78.5,,,,,
19/04/2026,79.15,,,,,
20/04/2026,79,,,,,
21/04/2026,78.2,,,,,
22/04/2026,80,,,,,
23/04/2026,79.45,,,,,
24/04/2026,78.4,,,,,
25/04/2026,79.45,,,,,
26/04/2026,79.6,,,,,
27/04/2026,79.6,,,,,
28/04/2026,79.1,,,,,
29/04/2026,78.65,,,,,
30/04/2026,78.95,,,,,
01/05/2026,78.4,,,,,
02/05/2026,79,,,,,
03/05/2026,78.65,,,,,
04/05/2026,79.05,,,,,
05/05/2026,79.05,,,,,
06/05/2026,81,,,,,
07/05/2026,81,,,,,
08/05/2026,80.2,,,,,
09/05/2026,80.65,,,,,
10/05/2026,80.95,,,,,
11/05/2026,79.95,,,,,
12/05/2026,80.3,,,,,
13/05/2026,79.9,,,,,
14/05/2026,81.1,,,,,
15/05/2026,80.1,,,,,
16/05/2026,80.2,,,,,
17/05/2026,80.1,,,,,
18/05/2026,79.4,,,,,
19/05/2026,79.7,,,,,
20/05/2026,79.9,,,,,
21/05/2026,80.15,,,,,
22/05/2026,79.05,,,,,
23/05/2026,80.05,,,,,
24/05/2026,79.65,,,,,
25/05/2026,79.65,,,,,
26/05/2026,79.4,,,,,
27/05/2026,77.75,,,,,
28/05/2026,79.7,,,,,
29/05/2026,79.4,,,,,
30/05/2026,81,,,,,
31/05/2026,80.2,,,,,
01/06/2026,80.5,,,,,
02/06/2026,79.9,,,,,
03/06/2026,80.25,,,,,
04/06/2026,79,,,,,
05/06/2026,79.7,,,,,
06/06/2026,81,,,,,
07/06/2026,80.8,,,,,
08/06/2026,81.2,,,,,
09/06/2026,80.55,,,,,
10/06/2026,79.7,,,,,
11/06/2026,79.75,,,,,
12/06/2026,81.4,,,,,
13/06/2026,80.6,,,,,
14/06/2026,80.6,,,,,
15/06/2026,79.6,,,,,
16/06/2026,79.6,,,,,
17/06/2026,79.7,,,,,
18/06/2026,80.85,,,,,
19/06/2026,82.1,,,,,
20/06/2026,81.3,,,,,
21/06/2026,80.3,,,,,
22/06/2026,79.75,,,,,
23/06/2026,79.55,,,,,
24/06/2026,79.45,,,,,
25/06/2026,80.75,,,,,
26/06/2026,80.45,,,,,
27/06/2026,81.05,,,,,
28/06/2026,79.2,,,,,
29/06/2026,79.45,,,,,
30/06/2026,78.4,,,,,
01/07/2026,79.75,,,,,
02/07/2026,79.05,,,,,
03/07/2026,79.25,,,,,
04/07/2026,79.45,,,,,
05/07/2026,78.9,,,,,
06/07/2026,78.9,,,,,
07/07/2026,77.9,,,,,
08/07/2026,77.75,,,,,
09/07/2026,78.55,,,,,
10/07/2026,78.55,,,,,
11/07/2026,79.15,,,,,
12/07/2026,79,,,,,
13/07/2026,78.1,,,,,
14/07/2026,77.75,,,,,
15/07/2026,78.45,,,,,
16/07/2026,78.3,,,,,
17/07/2026,78.85,,,,,
18/07/2026,78.65,,,,,
19/07/2026,78.75,,,,,
20/07/2026,79.2,,,,,
21/07/2026,78.55,,,,,
22/07/2026,77.85,,,,,
23/07/2026,78.2,,,,,
24/07/2026,78.2,,,,,
25/07/2026,,,,,,
26/07/2026,,,,,,
27/07/2026,,,,,,
28/07/2026,,,,,,
29/07/2026,,,,,,
30/07/2026,,,,,,
31/07/2026,,,,,,
01/08/2026,,,,,,
02/08/2026,,,,,,
03/08/2026,,,,,,
04/08/2026,,,,,,
05/08/2026,,,,,,
06/08/2026,,,,,,
07/08/2026,,,,,,
08/08/2026,,,,,,
09/08/2026,,,,,,
10/08/2026,,,,,,
11/08/2026,,,,,,
12/08/2026,,,,,,
13/08/2026,,,,,,
14/08/2026,,,,,,
15/08/2026,,,,,,
16/08/2026,,,,,,
17/08/2026,,,,,,
18/08/2026,,,,,,
19/08/2026,,,,,,
20/08/2026,,,,,,
21/08/2026,,,,,,
22/08/2026,,,,,,
23/08/2026,,,,,,
24/08/2026,,,,,,
25/08/2026,,,,,,
26/08/2026,,,,,,
27/08/2026,,,,,,
28/08/2026,,,,,,
29/08/2026,,,,,,
30/08/2026,,,,,,
31/08/2026,,,,,,
01/09/2026,,,,,,
02/09/2026,,,,,,
03/09/2026,,,,,,
04/09/2026,,,,,,
05/09/2026,,,,,,
06/09/2026,,,,,,
07/09/2026,,,,,,
08/09/2026,,,,,,
09/09/2026,,,,,,
10/09/2026,,,,,,
11/09/2026,,,,,,
12/09/2026,,,,,,
13/09/2026,,,,,,
14/09/2026,,,,,,
